Timestamp,Severity,Message
2024-02-07 10:15:30,INFO,System started successfully.
2024-02-07 10:16:05,WARNING,High memory usage detected (85%).
2024-02-07 10:17:12,ERROR,Database connection failed.
2024-02-07 10:18:00,INFO,User 'admin' logged in.
2024-02-07 10:20:45,ERROR,Timeout waiting for response from server.2026-02-07 15:03:14 INFO Unauthorized access attempt
2026-02-07 15:03:16,INFO,System backup completed
2026-02-07 15:03:18,WARNING,Unauthorized access attempt
2026-02-07 15:03:20,INFO,System backup completed
2026-02-07 15:03:22,INFO,User login attempt successful
2026-02-07 15:03:24,INFO,User login attempt successful
2026-02-07 15:03:26,INFO,Unauthorized access attempt
2026-02-07 15:03:28,WARNING,Database connection timeout
2026-02-07 15:03:30,INFO,System backup completed
2026-02-07 15:03:32,INFO,Database connection timeout
2026-02-07 15:04:33,INFO,User login attempt successful
2026-02-07 15:04:35,INFO,Database connection timeout
2026-02-07 15:04:37,INFO,System backup completed
2026-02-07 15:04:39,INFO,System backup completed
2026-02-07 15:04:41,WARNING,Memory leak in service 'auth'
2026-02-07 15:04:43,INFO,Unauthorized access attempt
2026-02-07 15:04:45,INFO,New device connected to network
2026-02-07 15:04:48,INFO,Memory leak in service 'auth'
2026-02-07 15:04:50,ERROR,High CPU usage detected
2026-02-07 15:04:52,ERROR,User login attempt successful
2026-02-07 15:04:54,INFO,New device connected to network
2026-02-07 15:04:56,INFO,High CPU usage detected
2026-02-07 15:04:58,ERROR,User login attempt successful
2026-02-07 15:05:00,INFO,Memory leak in service 'auth'
2026-02-07 15:05:02,ERROR,New device connected to network
2026-02-07 15:05:04,INFO,High CPU usage detected
2026-02-07 15:05:06,INFO,High CPU usage detected
2026-02-07 15:05:08,INFO,New device connected to network
2026-02-07 15:05:10,ERROR,Firewall blocked suspicious IP
2026-02-07 15:05:12,INFO,High CPU usage detected
2026-02-07 15:05:14,ERROR,Database connection timeout
2026-02-07 15:05:16,INFO,Database connection timeout
2026-02-07 15:05:18,INFO,Firewall blocked suspicious IP
2026-02-07 15:05:20,INFO,System backup completed
2026-02-07 15:05:22,INFO,High CPU usage detected
2026-02-07 15:05:24,WARNING,High CPU usage detected
2026-02-07 15:05:26,INFO,Unauthorized access attempt
2026-02-07 15:05:28,INFO,High CPU usage detected
2026-02-07 15:05:30,INFO,Firewall blocked suspicious IP
2026-02-07 15:05:32,INFO,High CPU usage detected
2026-02-07 15:05:34,INFO,User login attempt successful
2026-02-07 15:05:36,INFO,Memory leak in service 'auth'
2026-02-07 15:05:38,INFO,Firewall blocked suspicious IP
2026-02-07 15:05:40,INFO,Memory leak in service 'auth'
2026-02-07 15:05:42,INFO,Firewall blocked suspicious IP
2026-02-07 15:05:44,INFO,New device connected to network
2026-02-07 15:05:46,INFO,Firewall blocked suspicious IP
2026-02-07 15:05:48,INFO,Unauthorized access attempt
2026-02-07 15:05:50,WARNING,System backup completed
2026-02-07 15:05:52,ERROR,System backup completed
2026-02-07 15:05:54,INFO,Database connection timeout
2026-02-07 15:05:56,WARNING,Firewall blocked suspicious IP
2026-02-07 15:05:58,INFO,Unauthorized access attempt
2026-02-07 15:06:00,ERROR,Memory leak in service 'auth'
2026-02-07 15:06:02,INFO,Firewall blocked suspicious IP
2026-02-07 15:06:04,INFO,Database connection timeout
2026-02-07 15:06:06,INFO,User login attempt successful
2026-02-07 15:06:08,INFO,Memory leak in service 'auth'
2026-02-07 15:06:10,WARNING,Memory leak in service 'auth'
2026-02-07 15:06:12,INFO,New device connected to network
2026-02-07 15:06:14,INFO,Unauthorized access attempt
2026-02-07 15:06:16,ERROR,Unauthorized access attempt
2026-02-07 15:06:18,INFO,Firewall blocked suspicious IP
2026-02-07 15:06:20,INFO,Database connection timeout
2026-02-07 15:06:22,WARNING,User login attempt successful
2026-02-07 15:06:24,INFO,Firewall blocked suspicious IP
2026-02-07 15:06:26,INFO,New device connected to network
2026-02-07 15:06:28,WARNING,New device connected to network
2026-02-07 15:06:30,INFO,System backup completed
2026-02-07 15:06:32,INFO,User login attempt successful
2026-02-07 15:06:34,WARNING,User login attempt successful
2026-02-07 15:06:36,INFO,System backup completed
2026-02-07 15:06:38,INFO,High CPU usage detected
2026-02-07 15:06:40,INFO,Database connection timeout
2026-02-07 15:06:42,INFO,System backup completed
2026-02-07 15:06:44,INFO,Firewall blocked suspicious IP
2026-02-07 15:06:46,INFO,Database connection timeout
2026-02-07 15:06:48,INFO,Firewall blocked suspicious IP
2026-02-07 15:06:50,INFO,High CPU usage detected
2026-02-07 15:06:52,INFO,Unauthorized access attempt
2026-02-07 15:06:54,INFO,Database connection timeout
2026-02-07 15:06:56,WARNING,Unauthorized access attempt
2026-02-07 15:06:58,WARNING,Memory leak in service 'auth'
2026-02-07 15:07:00,ERROR,System backup completed
2026-02-07 15:07:02,WARNING,Memory leak in service 'auth'
2026-02-07 15:07:04,INFO,Unauthorized access attempt
2026-02-07 15:07:06,INFO,Database connection timeout
2026-02-07 15:07:08,INFO,Unauthorized access attempt
2026-02-07 15:07:10,WARNING,New device connected to network
2026-02-07 15:07:12,ERROR,New device connected to network
2026-02-07 15:07:14,INFO,Memory leak in service 'auth'
2026-02-07 15:07:16,INFO,High CPU usage detected
2026-02-07 15:07:18,INFO,Firewall blocked suspicious IP
2026-02-07 15:07:20,INFO,New device connected to network
2026-02-07 15:07:22,INFO,User login attempt successful
2026-02-07 15:07:24,INFO,New device connected to network
2026-02-07 15:07:26,INFO,New device connected to network
2026-02-07 15:07:28,WARNING,High CPU usage detected
2026-02-07 15:07:30,WARNING,New device connected to network
2026-02-07 15:07:32,ERROR,Memory leak in service 'auth'
2026-02-07 15:07:34,INFO,High CPU usage detected
2026-02-07 15:07:36,WARNING,Unauthorized access attempt
2026-02-07 15:07:38,INFO,Firewall blocked suspicious IP
2026-02-07 15:07:40,INFO,System backup completed
2026-02-07 15:07:42,INFO,Database connection timeout
2026-02-07 15:07:44,ERROR,User login attempt successful
2026-02-07 15:07:46,INFO,Database connection timeout
2026-02-07 15:07:48,INFO,Database connection timeout
2026-02-07 15:07:50,INFO,System backup completed
2026-02-07 15:07:52,ERROR,New device connected to network
2026-02-07 15:07:54,INFO,High CPU usage detected
2026-02-07 15:07:56,INFO,Firewall blocked suspicious IP
2026-02-07 15:07:58,ERROR,User login attempt successful
2026-02-07 15:08:00,INFO,Unauthorized access attempt
2026-02-07 15:08:02,INFO,New device connected to network
2026-02-07 15:08:04,INFO,System backup completed
2026-02-07 15:08:06,INFO,System backup completed
2026-02-07 15:08:08,WARNING,User login attempt successful
2026-02-07 15:08:10,INFO,New device connected to network
2026-02-07 15:08:12,INFO,Firewall blocked suspicious IP
2026-02-07 15:08:14,INFO,New device connected to network
2026-02-07 15:08:16,ERROR,New device connected to network
2026-02-07 15:08:18,INFO,User login attempt successful
2026-02-07 15:08:20,INFO,New device connected to network
2026-02-07 15:08:22,INFO,Database connection timeout
2026-02-07 15:08:24,INFO,Firewall blocked suspicious IP
2026-02-07 15:08:26,INFO,Unauthorized access attempt
2026-02-07 15:08:28,INFO,High CPU usage detected
2026-02-07 15:08:30,INFO,User login attempt successful
2026-02-07 15:08:32,INFO,High CPU usage detected
2026-02-07 15:08:34,INFO,User login attempt successful
2026-02-07 15:08:36,INFO,New device connected to network
2026-02-07 15:08:38,ERROR,Unauthorized access attempt
2026-02-07 15:08:40,WARNING,High CPU usage detected
2026-02-07 15:08:42,INFO,Firewall blocked suspicious IP
2026-02-07 15:08:44,INFO,Firewall blocked suspicious IP
2026-02-07 15:08:46,INFO,Firewall blocked suspicious IP
2026-02-07 15:08:48,INFO,High CPU usage detected
2026-02-07 15:08:50,INFO,High CPU usage detected
2026-02-07 15:08:52,INFO,New device connected to network
2026-02-07 15:08:54,INFO,User login attempt successful
2026-02-07 15:08:56,WARNING,Memory leak in service 'auth'
2026-02-07 15:08:58,INFO,Database connection timeout
2026-02-07 15:09:00,ERROR,Database connection timeout
2026-02-07 15:09:02,INFO,System backup completed
2026-02-07 15:09:04,INFO,Database connection timeout
2026-02-07 15:09:06,INFO,Unauthorized access attempt
2026-02-07 15:09:08,INFO,Database connection timeout
2026-02-07 15:09:10,INFO,Firewall blocked suspicious IP
2026-02-07 15:09:12,INFO,High CPU usage detected
2026-02-07 15:09:14,INFO,Memory leak in service 'auth'
2026-02-07 15:09:16,INFO,Firewall blocked suspicious IP
2026-02-07 15:09:18,INFO,New device connected to network
2026-02-07 15:09:20,INFO,Database connection timeout
2026-02-07 15:09:22,WARNING,High CPU usage detected
2026-02-07 15:09:24,WARNING,High CPU usage detected
2026-02-07 15:09:26,INFO,Firewall blocked suspicious IP
2026-02-07 15:09:28,INFO,Firewall blocked suspicious IP
2026-02-07 15:09:30,INFO,Unauthorized access attempt
2026-02-07 15:09:32,WARNING,Memory leak in service 'auth'
2026-02-07 15:09:34,INFO,High CPU usage detected
2026-02-07 15:09:36,INFO,Database connection timeout
2026-02-07 15:09:38,INFO,Unauthorized access attempt
2026-02-07 15:09:40,ERROR,System backup completed
2026-02-07 15:09:42,INFO,Unauthorized access attempt
2026-02-07 15:09:44,WARNING,Firewall blocked suspicious IP
2026-02-07 15:09:46,INFO,System backup completed
2026-02-07 15:09:48,ERROR,Memory leak in service 'auth'
2026-02-07 15:09:50,INFO,User login attempt successful
2026-02-07 15:09:52,ERROR,User login attempt successful
2026-02-07 15:09:54,WARNING,High CPU usage detected
2026-02-07 15:09:56,INFO,New device connected to network
2026-02-07 15:09:58,WARNING,Memory leak in service 'auth'
2026-02-07 15:10:00,INFO,Unauthorized access attempt
2026-02-07 15:10:02,INFO,Database connection timeout
2026-02-07 15:10:04,INFO,User login attempt successful
2026-02-07 15:10:06,INFO,Firewall blocked suspicious IP
2026-02-07 15:10:08,INFO,Unauthorized access attempt
2026-02-07 15:10:10,WARNING,High CPU usage detected
2026-02-07 15:10:12,ERROR,System backup completed
2026-02-07 15:10:14,INFO,Firewall blocked suspicious IP
2026-02-07 15:10:16,ERROR,New device connected to network
2026-02-07 15:10:18,INFO,System backup completed
2026-02-07 15:10:20,INFO,New device connected to network
2026-02-07 15:10:22,ERROR,New device connected to network
2026-02-07 15:10:24,INFO,Firewall blocked suspicious IP
2026-02-07 15:10:26,WARNING,System backup completed
2026-02-07 15:10:28,INFO,Database connection timeout
2026-02-07 15:10:30,INFO,Database connection timeout
2026-02-07 15:10:32,INFO,System backup completed
2026-02-07 15:10:34,INFO,User login attempt successful
2026-02-07 15:10:36,INFO,Unauthorized access attempt
2026-02-07 15:10:38,INFO,Memory leak in service 'auth'
2026-02-07 15:10:40,INFO,Memory leak in service 'auth'
2026-02-07 15:10:42,INFO,User login attempt successful
2026-02-07 15:10:44,INFO,Database connection timeout
2026-02-07 15:10:46,INFO,High CPU usage detected
2026-02-07 15:10:48,INFO,Memory leak in service 'auth'
2026-02-07 15:10:50,INFO,User login attempt successful
2026-02-07 15:10:52,WARNING,User login attempt successful
2026-02-07 15:10:54,INFO,High CPU usage detected
2026-02-07 15:10:56,INFO,New device connected to network
2026-02-07 15:10:58,INFO,Firewall blocked suspicious IP
2026-02-07 15:11:00,WARNING,New device connected to network
2026-02-07 15:11:02,WARNING,New device connected to network
2026-02-07 15:11:04,INFO,New device connected to network
2026-02-07 15:11:06,ERROR,User login attempt successful
2026-02-07 15:11:08,INFO,Unauthorized access attempt
2026-02-07 15:11:10,INFO,New device connected to network
2026-02-07 15:11:12,WARNING,New device connected to network
2026-02-07 15:11:14,INFO,New device connected to network
2026-02-07 15:11:16,INFO,Firewall blocked suspicious IP
2026-02-07 15:11:18,INFO,System backup completed
2026-02-07 15:11:20,INFO,System backup completed
2026-02-07 15:11:22,WARNING,System backup completed
2026-02-07 15:11:24,INFO,Database connection timeout
2026-02-07 15:11:26,INFO,Memory leak in service 'auth'
2026-02-07 15:11:28,INFO,Database connection timeout
2026-02-07 15:11:30,INFO,System backup completed
2026-02-07 15:11:32,WARNING,New device connected to network
2026-02-07 15:11:34,INFO,Database connection timeout
2026-02-07 15:11:36,WARNING,System backup completed
2026-02-07 15:11:38,INFO,Memory leak in service 'auth'
2026-02-07 15:11:40,INFO,High CPU usage detected
2026-02-07 15:11:42,INFO,Firewall blocked suspicious IP
2026-02-07 15:11:44,INFO,Memory leak in service 'auth'
2026-02-07 15:11:46,INFO,User login attempt successful
2026-02-07 15:11:48,INFO,Unauthorized access attempt
2026-02-07 15:11:50,WARNING,System backup completed
2026-02-07 15:11:52,INFO,User login attempt successful
2026-02-07 15:11:54,INFO,High CPU usage detected
2026-02-07 15:11:56,INFO,New device connected to network
2026-02-07 15:11:58,INFO,Firewall blocked suspicious IP
2026-02-07 15:12:00,WARNING,System backup completed
2026-02-07 15:12:02,INFO,User login attempt successful
2026-02-07 15:12:04,INFO,New device connected to network
2026-02-07 15:12:06,INFO,Database connection timeout
2026-02-07 15:12:08,INFO,User login attempt successful
2026-02-07 15:12:10,ERROR,New device connected to network
2026-02-07 15:12:12,INFO,User login attempt successful
2026-02-07 15:12:14,ERROR,Unauthorized access attempt
2026-02-07 15:12:16,INFO,Database connection timeout
2026-02-07 15:12:18,INFO,User login attempt successful
2026-02-07 15:12:20,INFO,System backup completed
2026-02-07 15:12:22,INFO,Database connection timeout
2026-02-07 15:12:24,INFO,New device connected to network
2026-02-07 15:12:26,INFO,Unauthorized access attempt
2026-02-07 15:12:28,ERROR,Unauthorized access attempt
2026-02-07 15:12:30,INFO,Firewall blocked suspicious IP
2026-02-07 15:12:32,INFO,User login attempt successful
2026-02-07 15:12:34,WARNING,Memory leak in service 'auth'
2026-02-07 15:12:36,INFO,Memory leak in service 'auth'
2026-02-07 15:12:38,INFO,Unauthorized access attempt
2026-02-07 15:12:40,WARNING,Unauthorized access attempt
2026-02-07 15:12:42,INFO,Unauthorized access attempt
2026-02-07 15:12:44,WARNING,High CPU usage detected
2026-02-07 15:12:46,INFO,High CPU usage detected
2026-02-07 15:12:48,INFO,System backup completed
2026-02-07 15:12:50,INFO,User login attempt successful
2026-02-07 15:12:52,INFO,Memory leak in service 'auth'
2026-02-07 15:12:54,INFO,Memory leak in service 'auth'
2026-02-07 15:12:56,INFO,High CPU usage detected
2026-02-07 15:12:58,INFO,Database connection timeout
2026-02-07 15:13:00,INFO,Memory leak in service 'auth'
2026-02-07 15:13:02,INFO,Memory leak in service 'auth'
2026-02-07 15:13:04,WARNING,New device connected to network
2026-02-07 15:13:06,INFO,Firewall blocked suspicious IP
2026-02-07 15:13:08,INFO,Firewall blocked suspicious IP
2026-02-07 15:13:10,INFO,Firewall blocked suspicious IP
2026-02-07 15:13:12,WARNING,User login attempt successful
2026-02-07 15:13:14,INFO,High CPU usage detected
2026-02-07 15:13:16,INFO,High CPU usage detected
2026-02-07 15:13:18,ERROR,Memory leak in service 'auth'
2026-02-07 15:13:20,INFO,Database connection timeout
2026-02-07 15:13:22,INFO,High CPU usage detected
2026-02-07 15:13:24,WARNING,Memory leak in service 'auth'
2026-02-07 15:13:26,INFO,High CPU usage detected
2026-02-07 15:13:28,INFO,Database connection timeout
2026-02-07 15:13:30,INFO,System backup completed
2026-02-07 15:13:32,INFO,System backup completed
2026-02-07 15:13:34,INFO,High CPU usage detected
2026-02-07 15:13:36,INFO,Firewall blocked suspicious IP
2026-02-07 15:13:38,INFO,Database connection timeout
2026-02-07 15:13:40,INFO,Database connection timeout
2026-02-07 15:13:42,INFO,User login attempt successful
2026-02-07 15:13:44,INFO,Firewall blocked suspicious IP
2026-02-07 15:13:46,INFO,New device connected to network
2026-02-07 15:13:48,ERROR,Unauthorized access attempt
2026-02-07 15:13:50,ERROR,User login attempt successful
2026-02-07 15:13:52,WARNING,New device connected to network
2026-02-07 15:13:54,INFO,New device connected to network
2026-02-07 15:13:56,INFO,User login attempt successful
2026-02-07 15:13:58,ERROR,Memory leak in service 'auth'
2026-02-07 15:14:00,WARNING,Memory leak in service 'auth'
2026-02-07 15:14:02,INFO,Database connection timeout
2026-02-07 15:14:04,INFO,Firewall blocked suspicious IP
2026-02-07 15:14:06,INFO,Unauthorized access attempt
2026-02-07 15:14:08,INFO,High CPU usage detected
2026-02-07 15:14:10,INFO,User login attempt successful
2026-02-07 15:14:12,INFO,Firewall blocked suspicious IP
2026-02-07 15:14:14,WARNING,Firewall blocked suspicious IP
2026-02-07 15:14:16,INFO,Memory leak in service 'auth'
2026-02-07 15:14:18,INFO,Firewall blocked suspicious IP
2026-02-07 15:14:20,ERROR,Firewall blocked suspicious IP
2026-02-07 15:14:22,INFO,User login attempt successful
2026-02-07 15:14:24,INFO,New device connected to network
2026-02-07 15:14:26,INFO,Database connection timeout
2026-02-07 15:14:28,INFO,New device connected to network
2026-02-07 15:14:30,WARNING,Firewall blocked suspicious IP
2026-02-07 15:14:32,INFO,Unauthorized access attempt
2026-02-07 15:14:34,INFO,Unauthorized access attempt
2026-02-07 15:14:36,INFO,User login attempt successful
2026-02-07 15:14:38,WARNING,Firewall blocked suspicious IP
2026-02-07 15:14:40,WARNING,User login attempt successful
2026-02-07 15:14:42,ERROR,Firewall blocked suspicious IP
2026-02-07 15:14:44,INFO,Memory leak in service 'auth'
2026-02-07 15:14:46,INFO,High CPU usage detected
2026-02-07 15:14:48,ERROR,Firewall blocked suspicious IP
2026-02-07 15:14:50,INFO,Unauthorized access attempt
2026-02-07 15:14:52,ERROR,Unauthorized access attempt
2026-02-07 15:14:54,INFO,New device connected to network
2026-02-07 15:14:56,INFO,User login attempt successful
2026-02-07 15:14:58,WARNING,Firewall blocked suspicious IP
2026-02-07 15:15:00,WARNING,Database connection timeout
2026-02-07 15:15:02,WARNING,Memory leak in service 'auth'
2026-02-07 15:15:04,INFO,High CPU usage detected
2026-02-07 15:15:06,INFO,System backup completed
2026-02-07 15:15:08,INFO,Firewall blocked suspicious IP
2026-02-07 15:15:10,WARNING,User login attempt successful
2026-02-07 15:15:12,INFO,User login attempt successful
2026-02-07 15:15:14,WARNING,Memory leak in service 'auth'
2026-02-07 15:15:16,INFO,Memory leak in service 'auth'
2026-02-07 15:15:18,WARNING,Unauthorized access attempt
2026-02-07 15:15:20,WARNING,System backup completed
2026-02-07 15:15:22,WARNING,Firewall blocked suspicious IP
2026-02-07 15:15:24,INFO,Memory leak in service 'auth'
2026-02-07 15:15:26,WARNING,New device connected to network
2026-02-07 15:15:28,INFO,Database connection timeout
2026-02-07 15:15:30,INFO,High CPU usage detected
2026-02-07 15:15:32,INFO,Memory leak in service 'auth'
2026-02-07 15:15:34,INFO,Firewall blocked suspicious IP
2026-02-07 15:15:36,WARNING,Unauthorized access attempt
2026-02-07 15:15:38,WARNING,User login attempt successful
2026-02-07 15:15:40,INFO,New device connected to network
2026-02-07 15:15:42,INFO,Memory leak in service 'auth'
2026-02-07 15:15:44,INFO,User login attempt successful
2026-02-07 15:15:46,INFO,Firewall blocked suspicious IP
2026-02-07 15:15:48,INFO,User login attempt successful
2026-02-07 15:15:50,INFO,Database connection timeout
2026-02-07 15:15:52,INFO,Database connection timeout
2026-02-07 15:15:54,INFO,Unauthorized access attempt
2026-02-07 15:15:56,WARNING,Firewall blocked suspicious IP
2026-02-07 15:15:58,INFO,User login attempt successful
2026-02-07 15:16:00,INFO,User login attempt successful
2026-02-07 15:16:02,INFO,Unauthorized access attempt
2026-02-07 15:16:04,INFO,Database connection timeout
2026-02-07 15:16:06,INFO,Memory leak in service 'auth'
2026-02-07 15:16:08,INFO,Memory leak in service 'auth'
2026-02-07 15:16:10,INFO,Database connection timeout
2026-02-07 15:16:12,INFO,New device connected to network
2026-02-07 15:16:14,INFO,Database connection timeout
2026-02-07 15:16:16,INFO,Firewall blocked suspicious IP
2026-02-07 15:16:18,ERROR,User login attempt successful
2026-02-07 15:16:20,INFO,User login attempt successful
2026-02-07 15:16:22,INFO,System backup completed
2026-02-07 15:16:24,ERROR,User login attempt successful
2026-02-07 15:16:26,WARNING,Unauthorized access attempt
2026-02-07 15:16:28,INFO,High CPU usage detected
2026-02-07 15:16:30,INFO,System backup completed
2026-02-07 15:16:32,ERROR,Database connection timeout
2026-02-07 15:16:34,WARNING,Unauthorized access attempt
2026-02-07 15:16:36,INFO,Firewall blocked suspicious IP
2026-02-07 15:16:38,INFO,Memory leak in service 'auth'
2026-02-07 15:16:40,INFO,User login attempt successful
2026-02-07 15:16:42,INFO,Database connection timeout
2026-02-07 15:16:44,INFO,Memory leak in service 'auth'
2026-02-07 15:16:46,INFO,Unauthorized access attempt
2026-02-07 15:16:48,INFO,System backup completed
2026-02-07 15:16:50,INFO,Database connection timeout
2026-02-07 15:16:52,INFO,Memory leak in service 'auth'
2026-02-07 15:16:54,INFO,Memory leak in service 'auth'
2026-02-07 15:16:56,INFO,System backup completed
2026-02-07 15:16:58,INFO,High CPU usage detected
2026-02-07 15:17:00,INFO,Memory leak in service 'auth'
2026-02-07 15:17:02,INFO,System backup completed
2026-02-07 15:17:04,INFO,Unauthorized access attempt
2026-02-07 15:17:06,INFO,Database connection timeout
2026-02-07 15:17:08,WARNING,High CPU usage detected
2026-02-07 15:17:10,INFO,Unauthorized access attempt
2026-02-07 15:17:12,INFO,Memory leak in service 'auth'
2026-02-07 15:17:14,INFO,High CPU usage detected
2026-02-07 15:17:16,INFO,High CPU usage detected
2026-02-07 15:17:18,INFO,New device connected to network
2026-02-07 15:17:20,INFO,Database connection timeout
2026-02-07 15:17:22,INFO,Database connection timeout
2026-02-07 15:17:24,WARNING,New device connected to network
2026-02-07 15:17:26,WARNING,New device connected to network
2026-02-07 15:17:28,INFO,System backup completed
2026-02-07 15:17:30,INFO,Database connection timeout
2026-02-07 15:17:32,INFO,User login attempt successful
2026-02-07 15:17:34,INFO,Database connection timeout
2026-02-07 15:17:36,INFO,High CPU usage detected
2026-02-07 15:17:38,INFO,New device connected to network
2026-02-07 15:17:40,INFO,Firewall blocked suspicious IP
2026-02-07 15:17:42,ERROR,Unauthorized access attempt
2026-02-07 15:17:44,INFO,High CPU usage detected
2026-02-07 15:17:46,WARNING,New device connected to network
2026-02-07 15:17:48,INFO,New device connected to network
2026-02-07 15:17:50,INFO,High CPU usage detected
2026-02-07 15:17:52,INFO,High CPU usage detected
2026-02-07 15:17:54,ERROR,Unauthorized access attempt
2026-02-07 15:17:56,INFO,Memory leak in service 'auth'
2026-02-07 15:17:58,INFO,System backup completed
2026-02-07 15:18:00,ERROR,Unauthorized access attempt
2026-02-07 15:18:02,INFO,Unauthorized access attempt
2026-02-07 15:18:04,INFO,Firewall blocked suspicious IP
2026-02-07 15:18:06,INFO,Firewall blocked suspicious IP
2026-02-07 15:18:08,INFO,Memory leak in service 'auth'
2026-02-07 15:18:10,INFO,Unauthorized access attempt
2026-02-07 15:18:12,WARNING,Memory leak in service 'auth'
2026-02-07 15:18:14,INFO,Unauthorized access attempt
2026-02-07 15:18:16,WARNING,New device connected to network
2026-02-07 15:18:18,INFO,User login attempt successful
2026-02-07 15:18:20,INFO,New device connected to network
2026-02-07 15:18:22,INFO,System backup completed
2026-02-07 15:18:24,WARNING,Database connection timeout
2026-02-07 15:18:26,WARNING,Database connection timeout
2026-02-07 15:18:28,WARNING,Unauthorized access attempt
2026-02-07 15:18:30,INFO,New device connected to network
2026-02-07 15:18:32,INFO,Database connection timeout
2026-02-07 15:18:34,INFO,Unauthorized access attempt
2026-02-07 15:18:36,INFO,Unauthorized access attempt
2026-02-07 15:18:38,WARNING,Database connection timeout
2026-02-07 15:18:40,INFO,System backup completed
2026-02-07 15:18:42,INFO,Firewall blocked suspicious IP
2026-02-07 15:18:44,INFO,Database connection timeout
2026-02-07 15:18:46,INFO,New device connected to network
2026-02-07 15:18:48,INFO,New device connected to network
2026-02-07 15:18:50,INFO,User login attempt successful
2026-02-07 15:18:52,WARNING,System backup completed
2026-02-07 15:18:54,INFO,New device connected to network
2026-02-07 15:18:56,INFO,New device connected to network
2026-02-07 15:18:58,WARNING,System backup completed
2026-02-07 15:19:00,INFO,System backup completed
2026-02-07 15:19:02,INFO,System backup completed
2026-02-07 15:19:04,INFO,Database connection timeout
2026-02-07 15:19:06,INFO,Memory leak in service 'auth'
2026-02-07 15:19:08,INFO,Database connection timeout
2026-02-07 15:19:10,INFO,User login attempt successful
2026-02-07 15:19:12,WARNING,Firewall blocked suspicious IP
2026-02-07 15:19:14,INFO,User login attempt successful
2026-02-07 15:19:16,INFO,Firewall blocked suspicious IP
2026-02-07 15:19:18,INFO,Database connection timeout
2026-02-07 15:19:20,INFO,New device connected to network
2026-02-07 15:19:22,INFO,Memory leak in service 'auth'
2026-02-07 15:19:24,INFO,Memory leak in service 'auth'
2026-02-07 15:19:26,WARNING,High CPU usage detected
2026-02-07 15:19:28,INFO,Firewall blocked suspicious IP
2026-02-07 15:19:30,INFO,Database connection timeout
2026-02-07 15:19:32,INFO,High CPU usage detected
2026-02-07 15:19:34,INFO,Unauthorized access attempt
2026-02-07 15:19:36,ERROR,User login attempt successful
2026-02-07 15:19:38,INFO,Memory leak in service 'auth'
2026-02-07 15:19:40,ERROR,Unauthorized access attempt
2026-02-07 15:19:42,INFO,Unauthorized access attempt
2026-02-07 15:19:44,INFO,New device connected to network
2026-02-07 15:19:46,ERROR,Firewall blocked suspicious IP
2026-02-07 15:19:48,WARNING,High CPU usage detected
2026-02-07 15:19:50,INFO,Database connection timeout
2026-02-07 15:19:52,INFO,User login attempt successful
2026-02-07 15:19:54,INFO,High CPU usage detected
2026-02-07 15:19:56,INFO,New device connected to network
2026-02-07 15:19:58,INFO,New device connected to network
2026-02-07 15:20:00,INFO,Memory leak in service 'auth'
2026-02-07 15:20:02,INFO,New device connected to network
2026-02-07 15:20:04,ERROR,System backup completed
2026-02-07 15:20:06,WARNING,System backup completed
2026-02-07 15:20:08,INFO,New device connected to network
2026-02-07 15:20:10,INFO,High CPU usage detected
2026-02-07 15:20:12,WARNING,High CPU usage detected
2026-02-07 15:20:14,INFO,Firewall blocked suspicious IP
2026-02-07 15:20:16,INFO,High CPU usage detected
2026-02-07 15:20:18,INFO,High CPU usage detected
2026-02-07 15:20:20,WARNING,Database connection timeout
2026-02-07 15:20:22,INFO,Unauthorized access attempt
2026-02-07 15:20:24,INFO,User login attempt successful
2026-02-07 15:20:26,INFO,Unauthorized access attempt
2026-02-07 15:20:28,INFO,System backup completed
2026-02-07 15:20:30,INFO,User login attempt successful
2026-02-07 15:20:32,INFO,User login attempt successful
2026-02-07 15:20:34,INFO,Memory leak in service 'auth'
2026-02-07 15:20:36,ERROR,Memory leak in service 'auth'
2026-02-07 15:20:38,ERROR,Unauthorized access attempt
2026-02-07 15:20:40,INFO,New device connected to network
2026-02-07 15:20:42,INFO,New device connected to network
2026-02-07 15:20:44,INFO,Firewall blocked suspicious IP
2026-02-07 15:20:46,INFO,Unauthorized access attempt
2026-02-07 15:20:48,WARNING,Database connection timeout
2026-02-07 15:20:50,INFO,Database connection timeout
2026-02-07 15:20:52,ERROR,Firewall blocked suspicious IP
2026-02-07 15:20:54,WARNING,Memory leak in service 'auth'
2026-02-07 15:20:56,ERROR,User login attempt successful
2026-02-07 15:20:58,INFO,Firewall blocked suspicious IP
2026-02-07 15:21:00,WARNING,Unauthorized access attempt
2026-02-07 15:21:02,INFO,New device connected to network
2026-02-07 15:21:04,ERROR,User login attempt successful
2026-02-07 15:21:06,WARNING,User login attempt successful
2026-02-07 15:21:08,INFO,Memory leak in service 'auth'
2026-02-07 15:21:10,WARNING,Unauthorized access attempt
2026-02-07 15:21:12,INFO,Memory leak in service 'auth'
2026-02-07 15:21:14,INFO,Unauthorized access attempt
2026-02-07 15:21:16,INFO,User login attempt successful
2026-02-07 15:21:18,WARNING,Firewall blocked suspicious IP
2026-02-07 15:21:20,WARNING,Unauthorized access attempt
2026-02-07 15:21:22,INFO,User login attempt successful
2026-02-07 15:21:24,INFO,Firewall blocked suspicious IP
2026-02-07 15:21:26,INFO,Database connection timeout
2026-02-07 15:21:28,INFO,Firewall blocked suspicious IP
2026-02-07 15:21:30,WARNING,System backup completed
2026-02-07 15:21:32,INFO,Database connection timeout
2026-02-07 15:21:34,WARNING,High CPU usage detected
2026-02-07 15:21:36,INFO,System backup completed
2026-02-07 15:21:38,WARNING,High CPU usage detected
2026-02-07 15:21:40,INFO,System backup completed
2026-02-07 15:21:42,INFO,High CPU usage detected
2026-02-07 15:21:44,WARNING,High CPU usage detected
2026-02-07 15:21:46,WARNING,High CPU usage detected
2026-02-07 15:21:48,INFO,User login attempt successful
2026-02-07 15:21:50,WARNING,Memory leak in service 'auth'
2026-02-07 15:21:52,INFO,Memory leak in service 'auth'
2026-02-07 15:21:54,INFO,Unauthorized access attempt
2026-02-07 15:21:56,INFO,Memory leak in service 'auth'
2026-02-07 15:21:58,WARNING,High CPU usage detected
2026-02-07 15:22:00,INFO,Database connection timeout
2026-02-07 15:22:02,ERROR,New device connected to network
2026-02-07 15:22:04,INFO,Database connection timeout
2026-02-07 15:22:06,ERROR,User login attempt successful
2026-02-07 15:22:08,INFO,Database connection timeout
2026-02-07 15:22:10,ERROR,New device connected to network
2026-02-07 15:22:12,INFO,High CPU usage detected
2026-02-07 15:22:14,ERROR,Memory leak in service 'auth'
2026-02-07 15:22:16,WARNING,System backup completed
2026-02-07 15:22:18,INFO,New device connected to network
2026-02-07 15:22:20,INFO,High CPU usage detected
2026-02-07 15:22:22,INFO,Firewall blocked suspicious IP
2026-02-07 15:22:24,INFO,High CPU usage detected
2026-02-07 15:22:26,INFO,Memory leak in service 'auth'
2026-02-07 15:22:28,INFO,Memory leak in service 'auth'
2026-02-07 15:22:30,INFO,Unauthorized access attempt
2026-02-07 15:22:32,INFO,High CPU usage detected
2026-02-07 15:22:34,ERROR,High CPU usage detected
2026-02-07 15:22:36,INFO,New device connected to network
2026-02-07 15:22:38,INFO,Unauthorized access attempt
2026-02-07 15:22:40,ERROR,New device connected to network
2026-02-07 15:22:42,INFO,Firewall blocked suspicious IP
2026-02-07 15:22:44,WARNING,Firewall blocked suspicious IP
2026-02-07 15:22:46,WARNING,New device connected to network
2026-02-07 15:22:48,INFO,Database connection timeout
2026-02-07 15:22:50,INFO,Firewall blocked suspicious IP
2026-02-07 15:22:52,WARNING,High CPU usage detected
2026-02-07 15:22:54,ERROR,Database connection timeout
2026-02-07 15:22:56,INFO,Memory leak in service 'auth'
2026-02-07 15:22:58,INFO,Database connection timeout
2026-02-07 15:23:00,ERROR,High CPU usage detected
2026-02-07 15:23:02,ERROR,Firewall blocked suspicious IP
2026-02-07 15:23:04,INFO,Memory leak in service 'auth'
2026-02-07 15:23:06,WARNING,Database connection timeout
2026-02-07 15:23:08,INFO,Database connection timeout
2026-02-07 15:23:10,WARNING,Memory leak in service 'auth'
2026-02-07 15:23:12,WARNING,High CPU usage detected
2026-02-07 15:23:14,INFO,Memory leak in service 'auth'
2026-02-07 15:23:16,INFO,New device connected to network
2026-02-07 15:23:18,INFO,New device connected to network
2026-02-07 15:23:20,INFO,Database connection timeout
2026-02-07 15:23:22,INFO,System backup completed
2026-02-07 15:23:24,ERROR,High CPU usage detected
2026-02-07 15:23:26,INFO,System backup completed
2026-02-07 15:23:28,INFO,High CPU usage detected
2026-02-07 15:23:30,WARNING,Database connection timeout
2026-02-07 15:23:32,INFO,Database connection timeout
2026-02-07 15:23:34,WARNING,Database connection timeout
2026-02-07 15:23:36,INFO,User login attempt successful
2026-02-07 15:23:38,WARNING,High CPU usage detected
2026-02-07 15:23:40,INFO,Unauthorized access attempt
2026-02-07 15:23:42,WARNING,Firewall blocked suspicious IP
2026-02-07 15:23:44,INFO,System backup completed
2026-02-07 15:23:46,ERROR,System backup completed
2026-02-07 15:23:48,INFO,Database connection timeout
2026-02-07 15:23:50,INFO,Unauthorized access attempt
2026-02-07 15:23:52,INFO,Unauthorized access attempt
2026-02-07 15:23:54,INFO,Unauthorized access attempt
2026-02-07 15:23:56,INFO,Firewall blocked suspicious IP
2026-02-07 15:23:58,INFO,Database connection timeout
2026-02-07 15:24:00,WARNING,System backup completed
2026-02-07 15:24:02,INFO,Memory leak in service 'auth'
2026-02-07 15:24:04,INFO,New device connected to network
2026-02-07 15:24:06,INFO,Firewall blocked suspicious IP
2026-02-07 15:24:08,ERROR,Memory leak in service 'auth'
2026-02-07 15:24:10,INFO,New device connected to network
2026-02-07 15:24:12,INFO,Unauthorized access attempt
2026-02-07 15:24:14,INFO,Unauthorized access attempt
2026-02-07 15:24:16,ERROR,Unauthorized access attempt
2026-02-07 15:24:18,INFO,User login attempt successful
2026-02-07 15:24:20,WARNING,New device connected to network
2026-02-07 15:24:22,INFO,New device connected to network
2026-02-07 15:24:24,INFO,Firewall blocked suspicious IP
2026-02-07 15:24:26,INFO,Unauthorized access attempt
2026-02-07 15:24:28,INFO,High CPU usage detected
2026-02-07 15:24:30,WARNING,High CPU usage detected
2026-02-07 15:24:32,INFO,Firewall blocked suspicious IP
2026-02-07 15:24:34,INFO,New device connected to network
2026-02-07 15:24:36,INFO,Unauthorized access attempt
2026-02-07 15:24:38,INFO,Firewall blocked suspicious IP
2026-02-07 15:24:40,WARNING,Firewall blocked suspicious IP
2026-02-07 15:24:42,WARNING,New device connected to network
2026-02-07 15:24:44,INFO,High CPU usage detected
2026-02-07 15:24:46,INFO,Database connection timeout
2026-02-07 15:24:48,WARNING,User login attempt successful
2026-02-07 15:24:50,INFO,System backup completed
2026-02-07 15:24:52,INFO,New device connected to network
2026-02-07 15:24:54,INFO,New device connected to network
2026-02-07 15:24:56,INFO,Database connection timeout
2026-02-07 15:24:58,INFO,Memory leak in service 'auth'
2026-02-07 15:25:00,INFO,Unauthorized access attempt
2026-02-07 15:25:02,INFO,High CPU usage detected
2026-02-07 15:25:04,ERROR,New device connected to network
2026-02-07 15:25:06,INFO,System backup completed
2026-02-07 15:25:08,WARNING,Unauthorized access attempt
2026-02-07 15:25:10,INFO,New device connected to network
2026-02-07 15:25:12,INFO,New device connected to network
2026-02-07 15:25:14,INFO,System backup completed
2026-02-07 15:25:16,INFO,High CPU usage detected
2026-02-07 15:25:18,WARNING,Firewall blocked suspicious IP
2026-02-07 15:25:20,WARNING,Memory leak in service 'auth'
2026-02-07 15:25:22,WARNING,Unauthorized access attempt
2026-02-07 15:25:24,WARNING,High CPU usage detected
2026-02-07 15:25:26,INFO,New device connected to network
2026-02-07 15:25:28,INFO,User login attempt successful
2026-02-07 15:25:30,WARNING,Unauthorized access attempt
2026-02-07 15:25:32,INFO,High CPU usage detected
2026-02-07 15:25:34,INFO,System backup completed
2026-02-07 15:25:36,INFO,User login attempt successful
2026-02-07 15:25:38,INFO,Database connection timeout
2026-02-07 15:25:40,WARNING,Database connection timeout
2026-02-07 15:25:42,INFO,High CPU usage detected
2026-02-07 15:25:44,INFO,Memory leak in service 'auth'
2026-02-07 15:25:46,INFO,User login attempt successful
2026-02-07 15:25:48,INFO,High CPU usage detected
2026-02-07 15:25:50,INFO,User login attempt successful
2026-02-07 15:25:52,ERROR,User login attempt successful
2026-02-07 15:25:54,ERROR,New device connected to network
2026-02-07 15:25:56,INFO,High CPU usage detected
2026-02-07 15:25:58,INFO,High CPU usage detected
2026-02-07 15:26:00,INFO,Firewall blocked suspicious IP
2026-02-07 15:26:02,WARNING,New device connected to network
2026-02-07 15:26:04,INFO,Firewall blocked suspicious IP
2026-02-07 15:26:06,WARNING,Database connection timeout
2026-02-07 15:26:08,INFO,High CPU usage detected
2026-02-07 15:26:10,INFO,Memory leak in service 'auth'
2026-02-07 15:26:12,INFO,Firewall blocked suspicious IP
2026-02-07 15:26:14,INFO,User login attempt successful
2026-02-07 15:26:16,INFO,New device connected to network
2026-02-07 15:26:18,INFO,Firewall blocked suspicious IP
2026-02-07 15:26:20,INFO,User login attempt successful
2026-02-07 15:26:22,INFO,New device connected to network
2026-02-07 15:26:24,WARNING,New device connected to network
2026-02-07 15:26:26,WARNING,Memory leak in service 'auth'
2026-02-07 15:26:28,INFO,High CPU usage detected
2026-02-07 15:26:30,INFO,User login attempt successful
2026-02-07 15:26:32,INFO,System backup completed
2026-02-07 15:26:34,INFO,High CPU usage detected
2026-02-07 15:26:36,ERROR,Unauthorized access attempt
2026-02-07 15:26:38,INFO,Unauthorized access attempt
2026-02-07 15:26:40,INFO,System backup completed
2026-02-07 15:26:42,INFO,High CPU usage detected
2026-02-07 15:26:44,ERROR,High CPU usage detected
2026-02-07 15:26:46,INFO,Database connection timeout
2026-02-07 15:26:48,INFO,High CPU usage detected
2026-02-07 15:26:50,ERROR,Firewall blocked suspicious IP
2026-02-07 15:26:52,WARNING,Database connection timeout
2026-02-07 15:26:54,INFO,System backup completed
2026-02-07 15:26:56,INFO,Database connection timeout
2026-02-07 15:26:58,WARNING,Firewall blocked suspicious IP
2026-02-07 15:27:00,ERROR,High CPU usage detected
2026-02-07 15:27:02,INFO,User login attempt successful
2026-02-07 15:27:04,INFO,New device connected to network
2026-02-07 15:27:06,INFO,System backup completed
2026-02-07 15:27:08,INFO,High CPU usage detected
2026-02-07 15:27:10,INFO,Memory leak in service 'auth'
2026-02-07 15:27:12,WARNING,New device connected to network
2026-02-07 15:27:14,WARNING,Unauthorized access attempt
2026-02-07 15:27:16,ERROR,Memory leak in service 'auth'
2026-02-07 15:27:18,WARNING,Database connection timeout
2026-02-07 15:27:20,INFO,Unauthorized access attempt
2026-02-07 15:27:22,INFO,System backup completed
2026-02-07 19:21:16,INFO,High CPU usage detected
2026-02-07 19:21:18,INFO,System backup completed
2026-02-07 19:21:20,INFO,Unauthorized access attempt
2026-02-07 19:21:22,INFO,Unauthorized access attempt
2026-02-07 19:21:24,INFO,Unauthorized access attempt
2026-02-07 19:21:26,INFO,New device connected to network
2026-02-07 19:21:28,WARNING,Memory leak in service 'auth'
2026-02-07 19:21:30,INFO,New device connected to network
2026-02-07 19:21:33,INFO,System backup completed
2026-02-07 19:21:35,INFO,Unauthorized access attempt
2026-02-07 19:21:37,INFO,New device connected to network
2026-02-07 19:21:39,ERROR,Unauthorized access attempt
2026-02-07 19:21:41,WARNING,User login attempt successful
2026-02-07 19:21:43,WARNING,System backup completed
2026-02-07 19:21:45,INFO,User login attempt successful
2026-02-07 19:21:47,INFO,Memory leak in service 'auth'
2026-02-07 19:21:49,INFO,High CPU usage detected
2026-02-07 19:21:51,INFO,User login attempt successful
2026-02-07 19:21:53,WARNING,User login attempt successful
2026-02-07 19:21:55,ERROR,New device connected to network
2026-02-07 19:21:57,INFO,High CPU usage detected
2026-02-07 19:21:59,ERROR,Firewall blocked suspicious IP
2026-02-07 19:22:01,ERROR,Database connection timeout
2026-02-07 19:22:03,INFO,Memory leak in service 'auth'
2026-02-07 19:22:05,WARNING,System backup completed
2026-02-07 19:22:07,WARNING,System backup completed
2026-02-07 19:22:09,INFO,Firewall blocked suspicious IP
2026-02-07 19:22:11,INFO,User login attempt successful
2026-02-07 19:22:13,INFO,Database connection timeout
2026-02-07 19:22:15,INFO,Database connection timeout
2026-02-07 19:22:17,INFO,High CPU usage detected
2026-02-07 19:22:19,INFO,System backup completed
2026-02-07 19:22:21,ERROR,Memory leak in service 'auth'
2026-02-07 19:22:23,INFO,Unauthorized access attempt
2026-02-07 19:22:25,INFO,New device connected to network
2026-02-07 19:22:27,INFO,Database connection timeout
2026-02-07 19:22:29,INFO,New device connected to network
2026-02-07 19:22:31,INFO,Database connection timeout
2026-02-07 19:22:33,WARNING,Unauthorized access attempt
2026-02-07 19:22:35,INFO,Unauthorized access attempt
2026-02-07 19:22:37,WARNING,High CPU usage detected
2026-02-07 19:22:39,INFO,Unauthorized access attempt
2026-02-07 19:22:41,INFO,User login attempt successful
2026-02-07 19:22:43,INFO,Firewall blocked suspicious IP
2026-02-07 19:22:45,INFO,High CPU usage detected
2026-02-07 19:22:47,ERROR,Unauthorized access attempt
2026-02-07 19:22:49,INFO,Unauthorized access attempt
2026-02-07 19:22:51,INFO,High CPU usage detected
2026-02-07 19:22:53,WARNING,New device connected to network
2026-02-07 19:22:55,INFO,Memory leak in service 'auth'
2026-02-07 19:22:57,ERROR,High CPU usage detected
2026-02-07 19:22:59,INFO,System backup completed
2026-02-07 19:23:01,ERROR,Database connection timeout
2026-02-07 19:23:03,WARNING,Unauthorized access attempt
2026-02-07 19:23:05,WARNING,Database connection timeout
2026-02-07 19:23:07,INFO,High CPU usage detected
2026-02-07 19:23:09,WARNING,Memory leak in service 'auth'
2026-02-07 19:23:11,INFO,Memory leak in service 'auth'
2026-02-07 19:23:13,WARNING,High CPU usage detected
2026-02-07 19:23:15,WARNING,Unauthorized access attempt
2026-02-07 19:23:17,WARNING,High CPU usage detected
2026-02-07 19:23:19,INFO,New device connected to network
2026-02-07 19:23:21,WARNING,User login attempt successful
2026-02-07 19:23:23,INFO,System backup completed
2026-02-07 19:23:25,INFO,User login attempt successful
2026-02-07 19:23:27,INFO,Memory leak in service 'auth'
2026-02-07 19:23:29,INFO,High CPU usage detected
2026-02-07 19:23:31,INFO,Firewall blocked suspicious IP
2026-02-07 19:23:33,INFO,Unauthorized access attempt
2026-02-07 19:23:35,INFO,New device connected to network
2026-02-07 19:23:37,INFO,High CPU usage detected
2026-02-07 19:23:39,INFO,Memory leak in service 'auth'
2026-02-07 19:23:41,INFO,High CPU usage detected
2026-02-07 19:23:43,INFO,New device connected to network
2026-02-07 19:23:45,INFO,User login attempt successful
2026-02-07 19:23:47,WARNING,Database connection timeout
2026-02-07 19:23:49,WARNING,System backup completed
2026-02-07 19:23:51,INFO,Unauthorized access attempt
2026-02-07 19:23:53,WARNING,Database connection timeout
2026-02-07 19:23:55,INFO,Memory leak in service 'auth'
2026-02-07 19:23:57,INFO,Unauthorized access attempt
2026-02-07 19:23:59,INFO,Memory leak in service 'auth'
2026-02-07 19:24:01,INFO,Database connection timeout
2026-02-07 19:24:03,WARNING,System backup completed
2026-02-07 19:24:05,INFO,New device connected to network
2026-02-07 19:24:07,INFO,Database connection timeout
2026-02-07 19:24:09,INFO,New device connected to network
2026-02-07 19:24:11,INFO,High CPU usage detected
2026-02-07 19:24:13,WARNING,User login attempt successful
2026-02-07 19:24:15,INFO,Memory leak in service 'auth'
2026-02-07 19:24:17,INFO,Database connection timeout
2026-02-07 19:24:19,INFO,User login attempt successful
2026-02-07 19:24:21,INFO,Memory leak in service 'auth'
2026-02-07 19:24:23,WARNING,New device connected to network
2026-02-07 19:24:25,INFO,High CPU usage detected
2026-02-07 19:24:27,INFO,High CPU usage detected
2026-02-07 19:24:29,INFO,Unauthorized access attempt
2026-02-07 19:24:31,INFO,New device connected to network
2026-02-07 19:24:33,ERROR,Memory leak in service 'auth'
2026-02-07 19:24:35,INFO,Unauthorized access attempt
2026-02-07 19:24:37,INFO,Unauthorized access attempt
2026-02-07 19:24:39,INFO,High CPU usage detected
2026-02-07 19:24:41,INFO,High CPU usage detected
2026-02-07 19:24:43,INFO,Database connection timeout
2026-02-07 19:24:45,WARNING,Unauthorized access attempt
2026-02-07 19:24:47,WARNING,Memory leak in service 'auth'
2026-02-07 19:24:49,INFO,Firewall blocked suspicious IP
2026-02-07 19:24:51,INFO,New device connected to network
2026-02-07 19:24:53,INFO,Unauthorized access attempt
2026-02-07 19:24:55,INFO,High CPU usage detected
2026-02-07 19:24:57,INFO,User login attempt successful
2026-02-07 19:24:59,INFO,Database connection timeout
2026-02-07 19:25:01,WARNING,Unauthorized access attempt
2026-02-07 19:25:03,WARNING,User login attempt successful
2026-02-07 19:25:05,INFO,New device connected to network
2026-02-07 19:25:07,INFO,Memory leak in service 'auth'
2026-02-07 19:25:09,INFO,Memory leak in service 'auth'
2026-02-07 19:25:11,ERROR,Database connection timeout
2026-02-07 19:25:13,ERROR,Firewall blocked suspicious IP
2026-02-07 19:25:15,INFO,Memory leak in service 'auth'
2026-02-07 19:25:17,INFO,Memory leak in service 'auth'
2026-02-07 19:25:19,WARNING,New device connected to network
2026-02-07 19:25:21,WARNING,User login attempt successful
2026-02-07 19:25:23,INFO,User login attempt successful
2026-02-07 19:25:25,ERROR,Database connection timeout
2026-02-07 19:25:27,INFO,Memory leak in service 'auth'
2026-02-07 19:25:29,INFO,High CPU usage detected
2026-02-07 19:25:31,INFO,Database connection timeout
2026-02-07 19:25:33,INFO,New device connected to network
2026-02-07 19:25:35,INFO,High CPU usage detected
2026-02-07 19:25:37,INFO,System backup completed
2026-02-07 19:25:39,WARNING,Memory leak in service 'auth'
2026-02-07 19:25:41,WARNING,User login attempt successful
2026-02-07 19:25:43,INFO,New device connected to network
2026-02-07 19:25:45,WARNING,Memory leak in service 'auth'
2026-02-07 19:25:47,INFO,High CPU usage detected
2026-02-07 19:25:49,INFO,Unauthorized access attempt
2026-02-07 19:25:51,WARNING,Memory leak in service 'auth'
2026-02-07 19:25:53,ERROR,Firewall blocked suspicious IP
2026-02-07 19:25:55,WARNING,Firewall blocked suspicious IP
2026-02-07 19:25:57,INFO,Memory leak in service 'auth'
2026-02-07 19:25:59,INFO,System backup completed
2026-02-07 19:26:01,INFO,User login attempt successful
2026-02-07 19:26:03,WARNING,Database connection timeout
2026-02-07 19:26:05,INFO,Firewall blocked suspicious IP
2026-02-07 19:26:07,INFO,Unauthorized access attempt
2026-02-07 19:26:09,WARNING,System backup completed
2026-02-07 19:26:11,ERROR,Database connection timeout
2026-02-07 19:26:13,INFO,Firewall blocked suspicious IP
2026-02-07 19:26:15,INFO,Firewall blocked suspicious IP
2026-02-07 19:26:17,INFO,System backup completed
2026-02-07 19:26:19,INFO,High CPU usage detected
2026-02-07 19:26:21,INFO,High CPU usage detected
2026-02-07 19:26:23,INFO,User login attempt successful
2026-02-07 19:26:25,INFO,User login attempt successful
2026-02-07 19:26:27,INFO,System backup completed
2026-02-07 19:26:29,INFO,Memory leak in service 'auth'
2026-02-07 19:26:31,INFO,Memory leak in service 'auth'
2026-02-07 19:26:33,INFO,High CPU usage detected
2026-02-07 19:26:35,INFO,System backup completed
2026-02-07 19:26:37,INFO,Database connection timeout
2026-02-07 19:26:39,INFO,Memory leak in service 'auth'
2026-02-07 19:26:41,ERROR,Memory leak in service 'auth'
2026-02-07 19:26:43,WARNING,Firewall blocked suspicious IP
2026-02-07 19:26:45,WARNING,Database connection timeout
2026-02-07 19:26:47,ERROR,System backup completed
2026-02-07 19:26:49,INFO,System backup completed
2026-02-07 19:26:51,INFO,User login attempt successful
2026-02-07 19:26:53,INFO,User login attempt successful
2026-02-07 19:26:55,WARNING,Unauthorized access attempt
2026-02-07 19:26:57,INFO,Firewall blocked suspicious IP
2026-02-07 19:26:59,WARNING,Firewall blocked suspicious IP
2026-02-07 19:27:01,INFO,User login attempt successful
2026-02-07 19:27:03,INFO,User login attempt successful
2026-02-07 19:27:05,INFO,Database connection timeout
2026-02-07 19:27:07,WARNING,Memory leak in service 'auth'
2026-02-07 19:27:09,INFO,High CPU usage detected
2026-02-07 19:27:11,INFO,Firewall blocked suspicious IP
2026-02-07 19:27:13,INFO,New device connected to network
2026-02-07 19:27:15,WARNING,Memory leak in service 'auth'
2026-02-07 19:27:17,INFO,High CPU usage detected
2026-02-07 19:27:19,INFO,New device connected to network
2026-02-07 19:27:21,INFO,New device connected to network
2026-02-07 19:27:23,INFO,Unauthorized access attempt
2026-02-07 19:27:25,WARNING,High CPU usage detected
2026-02-07 19:27:27,INFO,Database connection timeout
2026-02-07 19:27:29,INFO,Firewall blocked suspicious IP
2026-02-07 19:27:31,ERROR,User login attempt successful
2026-02-07 19:27:33,INFO,Firewall blocked suspicious IP
2026-02-07 19:27:35,INFO,Firewall blocked suspicious IP
2026-02-07 19:27:37,INFO,Database connection timeout
2026-02-07 19:27:39,INFO,Firewall blocked suspicious IP
2026-02-07 19:27:41,INFO,System backup completed
2026-02-07 19:27:43,INFO,User login attempt successful
2026-02-07 19:27:45,INFO,Unauthorized access attempt
2026-02-07 19:27:47,INFO,System backup completed
2026-02-07 19:27:49,INFO,High CPU usage detected
2026-02-07 19:27:51,ERROR,Memory leak in service 'auth'
2026-02-07 19:27:53,INFO,System backup completed
2026-02-07 19:27:55,INFO,High CPU usage detected
2026-02-07 19:27:57,INFO,Firewall blocked suspicious IP
2026-02-07 19:27:59,WARNING,User login attempt successful
2026-02-07 19:28:01,INFO,Unauthorized access attempt
2026-02-07 19:28:03,INFO,System backup completed
2026-02-07 19:28:05,WARNING,User login attempt successful
